song_id,name,difficulty,unofficial_diff,ec_diff,hc_diff,exh_diff,ec_count,hc_count,exh_count
61,era (nostalmix),HYPER,12.0,1.7,6.9,11.1,2502,1383,209
62,era (nostalmix),ANOTHER,12.1,3.8,8.8,12.7,2132,880,70
65,Holic,ANOTHER,12.4,6.4,10.2,13.6,1779,571,29
108,DXY!,HYPER,12.2,3.0,8.3,12.5,2553,1044,82
109,DXY!,ANOTHER,12.5,8.2,11.8,13.9,1133,203,9
114,era (step mix),ANOTHER,12.1,3.9,8.8,12.7,2098,863,72
132,minimalian,ANOTHER,12.5,7.6,9.7,12.0,1422,799,160
140,starmine,ANOTHER,12.1,2.1,6.4,10.7,2630,1756,316
143,SWEET LAB,ANOTHER,12.2,3.8,8.1,12.4,1974,988,79
163,QQQ,HYPER,12.1,2.5,6.5,10.5,2567,1600,317
210,Colors (radio edit),ANOTHER,11.8,0.8,5.7,10.2,2982,2054,456
224,G2,ANOTHER,12.3,5.1,7.7,11.9,2039,1279,157
230,NEMESIS,ANOTHER,12.7,10.3,13.3,14.0,509,51,7
235,route 80s,ANOTHER,12.0,2.1,8.0,11.8,2426,1106,148
240,Summer Vacation(CU mix),HYPER,12.0,1.2,6.9,11.5,2782,1577,195
250,A,ANOTHER,12.4,6.4,8.8,11.7,1759,1022,182
261,Cheer Train,ANOTHER,12.4,7.2,11.1,13.8,1353,288,15
288,Spica,ANOTHER,11.8,1.1,7.1,11.4,2832,1546,217
291,stoic,ANOTHER,12.0,1.5,7.2,11.3,2726,1522,219
302,革命,HYPER,12.1,2.6,6.5,10.2,2537,1636,378
303,革命,ANOTHER,12.3,5.0,8.3,11.7,1998,1058,158
352,murmur twins,ANOTHER,12.0,1.2,5.5,9.7,2851,2059,536
381,桜,ANOTHER,12.1,3.1,7.8,12.2,2195,1121,106
418,Karma,ANOTHER,12.4,6.3,8.2,11.3,1819,1203,239
430,lower world,ANOTHER,12.1,2.1,5.5,9.3,2636,2044,644
439,moon_child,ANOTHER,12.4,7.2,10.4,13.0,1590,528,64
448,quasar,ANOTHER,12.6,9.9,11.8,13.6,707,220,28
456,RISLIM -Remix-,ANOTHER,12.3,5.9,7.9,11.5,1875,1251,199
481,1st Samurai,ANOTHER,12.1,2.8,7.5,10.9,2382,1389,292
524,GHOST REVIVAL,ANOTHER,12.0,1.3,6.8,11.1,2741,1657,261
533,Innocent Walls,ANOTHER,12.2,4.4,7.8,11.9,2347,1245,132
536,Love Is Eternity,ANOTHER,12.2,4.3,5.7,9.1,2371,2021,691
547,No.13,ANOTHER,12.2,3.5,7.5,10.8,2607,1489,333
550,One More Lovely,ANOTHER,12.4,7.2,9.6,12.6,1614,836,94
573,雪月花,ANOTHER,12.3,4.2,6.9,10.9,2414,1659,302
576,AA,ANOTHER,12.3,4.1,7.3,10.3,2682,1626,450
591,BLOCKS,ANOTHER,12.1,1.5,5.9,10.0,2728,1944,494
610,FAKE TIME,HYPER,11.8,1.2,2.2,8.2,2653,2424,765
611,FAKE TIME,ANOTHER,12.2,3.9,6.8,11.2,2200,1560,215
615,GENOCIDE,HYPER,12.3,5.2,9.5,12.5,2039,814,95
616,GENOCIDE,ANOTHER,12.5,8.0,10.9,13.5,1243,393,45
618,gigadelic,HYPER,12.1,2.1,5.8,10.2,2457,1804,390
619,gigadelic,ANOTHER,12.2,3.9,5.6,9.4,2304,1949,567
646,Sphere,ANOTHER,12.3,3.7,3.6,10.2,2331,2256,337
660,ピアノ協奏曲第１番”蠍火”,ANOTHER,12.6,9.2,11.7,13.8,946,228,15
696,garden,ANOTHER,12.2,3.2,7.5,11.2,2407,1360,233
709,INAZUMA,ANOTHER,12.3,5.0,8.7,11.8,2268,1105,177
736,SCREAM SQUAD,ANOTHER,12.0,1.4,6.6,11.4,2603,1589,203
785,冥,ANOTHER,12.5,7.8,13.6,14.1,1351,34,6
805,Concertino in Blue,ANOTHER,12.0,1.3,6.7,10.9,2730,1679,288
808,CONTRACT,ANOTHER,12.2,4.1,7.4,10.7,2219,1329,294
823,Ganymede,ANOTHER,12.0,1.0,6.0,10.0,2929,1942,459
840,MINT,ANOTHER,11.8,1.0,5.0,8.5,2953,2254,887
861,tripping contact(teranoid&MC Natsack Remix),ANOTHER,12.2,3.6,7.8,11.2,2309,1320,246
881,カゴノトリ～弐式～,ANOTHER,12.4,7.0,10.1,12.7,1628,639,93
887,華蝶風雪,ANOTHER,12.1,2.3,5.4,9.6,2635,2062,585
890,嘆きの樹,ANOTHER,12.5,8.3,10.8,13.0,1181,436,69
906,Candy Galy,ANOTHER,11.8,1.1,3.6,8.3,2891,2444,772
921,Fascination MAXX,ANOTHER,11.8,1.7,7.3,10.9,2330,1155,245
941,INORI,ANOTHER,12.1,2.7,7.0,10.6,2515,1567,348
944,KAMAITACHI,ANOTHER,12.1,1.5,6.3,10.3,2880,1906,392
945,KAMAITACHI,LEGGENDARIA,12.7,10.7,11.5,13.6,413,263,36
948,LASER CRUSTER,ANOTHER,12.3,5.8,7.9,10.6,2160,1386,369
968,Sense 2007,HYPER,12.1,1.3,4.0,9.2,2748,2272,613
969,Sense 2007,ANOTHER,12.2,3.3,7.1,10.8,2498,1571,311
972,smile,ANOTHER,12.0,1.0,5.9,10.3,2918,1964,421
975,snow storm,ANOTHER,12.0,1.1,6.1,9.9,3065,1999,567
984,TRANOID,ANOTHER,12.2,3.8,10.0,13.0,2061,632,62
987,VANESSA,ANOTHER,12.4,6.8,10.0,12.8,1669,683,74
988,VANESSA,LEGGENDARIA,12.6,9.5,11.2,13.2,728,303,53
1013,電人、暁に斃れる。,ANOTHER,12.3,5.1,8.4,12.0,2099,1118,131
1022,"Anisakis -somatic mutation type""Forza""-",ANOTHER,12.0,0.9,5.3,9.5,3086,2241,648
1028,Be OK,ANOTHER,12.1,1.4,6.1,9.7,3010,2036,599
1045,Do it!! Do it!!,ANOTHER,12.1,3.2,7.5,11.0,2224,1227,241
1054,four pieces of heaven,ANOTHER,12.4,6.2,9.6,12.3,1895,841,115
1060,ICARUS,ANOTHER,12.3,3.9,8.4,11.7,2121,1021,165
1061,ICARUS,LEGGENDARIA,12.7,10.7,13.6,14.2,380,32,5
1076,MENDES,ANOTHER,12.6,9.7,11.5,13.6,809,288,36
1085,oratio,ANOTHER,11.8,1.0,5.4,10.4,2923,2072,360
1088,PARANOiA ～HADES～,ANOTHER,12.6,9.8,12.0,13.7,699,180,21
1100,"satellite020712 from ""CODED ARMS""",ANOTHER,12.3,3.6,6.9,10.1,2630,1741,493
1127,TROOPERS,ANOTHER,12.0,1.4,5.4,9.2,2747,2023,603
1142,ミラージュ・レジデンス,ANOTHER,12.1,2.0,6.1,9.6,2772,1921,609
1151,少年A,ANOTHER,12.4,6.5,9.5,12.6,1526,781,82
1156,3y3s,ANOTHER,12.0,0.9,6.3,9.7,3050,1890,563
1183,Colorful Cookie,ANOTHER,12.2,2.5,5.9,9.2,2885,2101,737
1195,Go Beyond!!,ANOTHER,11.8,1.1,11.4,13.5,2845,282,37
1264,ミッドナイト堕天使,ANOTHER,12.0,1.7,4.6,8.2,2707,2196,904
1276,卑弥呼,ANOTHER,12.6,10.2,12.5,14.0,596,117,9
1291,Almagest,ANOTHER,12.7,10.7,13.3,14.2,448,61,6
1297,Bad Maniacs,ANOTHER,12.6,9.3,11.2,13.2,948,341,59
1333,DOMINION,ANOTHER,12.1,2.4,6.9,10.6,2662,1684,377
1345,eRAseRmOToRpHAntOM,ANOTHER,12.2,5.2,8.2,11.8,1886,1073,152
1348,Evans,ANOTHER,12.0,1.4,5.1,8.7,2901,2254,836
1351,EXUSIA,ANOTHER,12.3,5.4,7.4,10.5,2217,1545,399
1354,G59,ANOTHER,12.3,5.7,9.0,11.9,2050,1014,164
1357,GALGALIM,ANOTHER,12.1,1.6,6.1,10.4,2550,1742,369
1360,GOLDEN CROSS,ANOTHER,12.1,1.6,6.4,9.6,2901,1883,624
1393,quell～the seventh slave～,ANOTHER,12.7,12.2,13.3,14.2,149,60,5
1396,Raison d'etre～交差する宿命～,ANOTHER,12.4,5.8,8.4,11.4,2198,1231,244
1399,Red. by Full Metal Jacket,ANOTHER,11.8,0.9,2.7,8.0,3132,2596,842
1411,SOLID STATE SQUAD,ANOTHER,12.4,6.3,8.3,11.1,1914,1233,279
1412,SOLID STATE SQUAD,LEGGENDARIA,12.6,9.5,10.8,13.0,780,396,70
1442,ワルツ第17番 ト短調”大犬のワルツ”,ANOTHER,12.5,7.7,10.6,13.5,1387,486,39
1475,Broken,ANOTHER,12.0,0.9,4.6,8.2,3177,2455,995
1481,Dances with Snow Fairies,ANOTHER,12.3,4.8,8.0,11.3,2370,1335,256
1515,Kailua,ANOTHER,11.6,0.7,3.9,7.9,3010,2327,820
1536,PARADISE LOST,ANOTHER,12.6,9.5,10.5,13.1,814,490,59
1542,perditus†paradisus,ANOTHER,12.7,10.7,12.0,13.7,467,196,25
1551,reunion,ANOTHER,12.5,7.4,10.3,13.1,1557,573,66
1557,SABER WING,ANOTHER,12.1,3.1,7.3,10.8,2364,1311,260
1563,sakura storm,ANOTHER,12.1,1.3,5.6,9.5,2897,2070,593
1566,Session 9 -Chronicles-,ANOTHER,12.0,1.3,6.8,10.4,2688,1575,357
1572,SPECIAL SUMMER CAMPAIGN!,ANOTHER,12.0,1.4,5.4,9.0,2776,2096,726
1584,THE BLACK KNIGHT,ANOTHER,12.1,3.3,6.5,10.4,2559,1763,382
1614,ZETA～素数の世界と超越者～,ANOTHER,12.3,5.9,8.7,11.6,2012,1042,203
1623,黒髪乱れし修羅となりて,ANOTHER,12.1,1.5,6.6,10.1,2876,1789,468
1626,灼熱Beach Side Bunny,ANOTHER,12.4,4.8,9.0,12.5,1957,750,77
1635,旅人リラン,ANOTHER,12.1,2.3,7.2,11.1,2701,1582,267
1653,BLACK.by X-Cross Fade,ANOTHER,12.2,2.4,6.5,10.7,2838,1679,300
1665,DIAVOLO,ANOTHER,12.5,7.8,10.2,12.5,1381,599,102
1674,F,ANOTHER,12.3,4.5,7.5,10.5,2433,1529,399
1680,fffff,ANOTHER,12.1,2.5,8.2,11.5,2616,1227,202
1689,HAERETICUS,ANOTHER,12.3,5.8,8.6,11.6,2028,1117,204
1698,Infinite cave,ANOTHER,12.1,1.2,5.0,8.9,2889,2227,764
1722,NNRT,ANOTHER,12.2,3.2,7.0,10.5,2513,1594,378
1731,QUANTUM TELEPORTATION,ANOTHER,12.7,10.7,12.0,13.6,446,183,29
1734,quaver♪,ANOTHER,12.4,5.8,8.7,11.7,1966,1063,189
1761,Snake Stick,ANOTHER,12.2,1.5,6.6,10.7,2734,1532,266
1770,The Limbo,ANOTHER,12.5,7.5,9.4,11.7,1522,896,193
1773,The Sampling Paradise,ANOTHER,12.4,5.9,7.4,10.5,2060,1558,407
1782,Todestrieb,ANOTHER,12.4,7.0,9.3,11.8,1757,977,196
1788,WONDER WALKER,ANOTHER,12.2,3.7,6.8,9.9,2584,1727,560
1791,YAKSHA,ANOTHER,12.4,6.2,8.7,11.4,1887,1086,238
1794,yellow head joe,ANOTHER,12.0,1.2,4.7,8.6,2896,2286,843
1806,君のハートにロックオン,ANOTHER,12.5,8.2,10.5,12.9,1263,526,71
1809,子供の落書き帳,ANOTHER,12.0,1.0,5.9,9.6,2902,1979,583
1818,聖人の塔,ANOTHER,12.4,7.6,9.9,12.3,1323,647,113
1821,天空の夜明け,ANOTHER,12.6,10.2,11.4,13.3,626,286,54
1830,恋する☆宇宙戦争っ！！,ANOTHER,12.0,1.1,4.9,8.6,2980,2285,854
1833,†渚の小悪魔ラヴリィ～レイディオ†(IIDX EDIT),ANOTHER,12.7,11.2,13.4,14.2,333,54,5
1857,Confiserie,ANOTHER,12.6,9.7,11.2,13.3,782,350,55
1866,DAY DREAM,ANOTHER,12.2,5.2,9.3,12.3,1640,726,111
1869,Devilz Staircase,ANOTHER,12.3,4.2,8.0,11.6,2261,1254,178
1875,Elemental Creation,ANOTHER,12.6,10.2,11.3,13.5,547,298,41
1881,FLOWER,ANOTHER,12.1,1.4,6.1,9.5,2941,2010,651
1887,GAIA,ANOTHER,12.3,5.5,8.8,11.7,2141,1050,195
1893,Hollywood Galaxy,ANOTHER,12.2,2.7,7.6,10.8,2593,1441,342
1911,JOMANDA,ANOTHER,12.2,4.0,10.1,12.5,2143,557,99
1914,Liberation,ANOTHER,11.8,0.9,2.9,7.4,3051,2627,1188
1920,Little Star,ANOTHER,12.0,1.0,5.0,9.5,3020,2229,613
1932,neu,ANOTHER,12.4,7.4,9.8,12.6,1494,734,102
1941,Plan 8,ANOTHER,12.3,4.2,8.8,12.0,2309,963,121
1953,Proof of the existence,ANOTHER,12.4,5.3,7.8,10.8,2208,1432,356
1962,rumrum triplets,ANOTHER,11.8,0.9,5.5,9.3,2933,2088,645
1977,Sol Cosine Job 2,ANOTHER,12.3,5.2,8.2,11.1,2014,1185,264
1983,STULTI,ANOTHER,12.5,8.3,10.6,13.3,1075,465,48
1986,SYNC-ANTHEM,ANOTHER,12.2,4.3,7.1,9.9,2393,1612,523
1995,Thor's Hammer,ANOTHER,12.5,7.8,10.9,13.2,1334,391,55
2001,Timepiece phase II,ANOTHER,12.5,7.7,10.1,12.6,1338,621,94
2004,Timepiece phase II (CN Ver.),ANOTHER,12.4,6.5,8.8,11.6,1692,1029,206
2010,True Blue,ANOTHER,12.1,1.4,5.8,8.9,2900,2055,795
2013,Valanga,ANOTHER,12.4,6.8,9.2,12.0,1769,975,161
2028,Zirkfied,ANOTHER,12.4,6.8,9.5,12.2,1674,837,131
2031,ΕΛΠΙΣ,ANOTHER,12.1,1.5,6.2,9.6,2878,1910,603
2034,アストライアの双皿,ANOTHER,12.3,4.9,8.3,12.1,2085,1098,117
2040,カジノファイヤーことみちゃん,ANOTHER,12.1,2.2,10.7,13.5,2462,432,36
2043,キャトられ恋はモ～モク,ANOTHER,12.4,7.2,10.6,13.2,1502,481,54
2046,シュレーディンガーの猫,ANOTHER,12.3,5.7,10.0,12.5,2006,662,101
2049,たまゆら,ANOTHER,12.3,4.9,7.2,10.2,2245,1570,467
2052,トリカゴノ鳳凰,ANOTHER,12.0,1.0,4.3,8.3,2909,2316,851
2061,音楽,ANOTHER,12.2,4.0,8.7,12.1,1993,934,124
2068,仮想空間の旅人たち,LEGGENDARIA,12.3,5.4,7.6,10.2,1904,1332,430
2071,狂イ咲ケ焔ノ華,ANOTHER,12.1,1.9,7.5,11.1,2611,1432,254
2077,即席！脳直★ミュージックシステム,ANOTHER,12.0,1.4,5.6,9.3,2700,1965,612
2090,Adularia,ANOTHER,12.2,3.3,7.4,10.8,2514,1477,314
2096,Ancient Scapes,ANOTHER,12.3,4.6,8.2,11.2,2283,1243,261
2097,Ancient Scapes,LEGGENDARIA,12.5,8.4,10.7,13.0,1096,446,65
2109,BRAINSTORM,ANOTHER,11.8,0.9,5.5,10.1,2897,1997,401
2121,Close the World feat.a☆ru,ANOTHER,12.1,1.1,6.2,9.9,3000,1912,540
2122,Close the World feat.a☆ru,LEGGENDARIA,12.4,6.0,9.2,11.9,1847,920,163
2131,DARK LEGACY,ANOTHER,12.3,5.2,8.7,11.6,2152,1089,203
2140,Elektrick U-Phoria,ANOTHER,12.0,1.4,6.4,9.9,2720,1783,507
2156,Feel The Beat,LEGGENDARIA,12.2,3.0,7.4,10.5,2300,1391,346
2168,I will be back -オレは帰ってきた-,ANOTHER,12.2,3.5,7.3,10.5,2320,1422,356
2171,Idola,ANOTHER,12.4,6.1,8.9,11.6,1908,1038,221
2180,INSOMNIA,ANOTHER,12.2,2.8,10.2,12.6,2445,572,86
2186,invoker,ANOTHER,12.3,5.1,7.4,10.8,2147,1455,293
2187,invoker,LEGGENDARIA,12.4,6.8,9.3,12.2,1436,838,112
2190,IX,ANOTHER,12.6,9.8,11.4,13.4,726,305,48
2202,Last Dance,ANOTHER,12.3,4.8,7.8,10.5,2296,1397,392
2235,PUNISHER,ANOTHER,12.2,3.0,7.0,10.2,2592,1628,454
2238,ra'am,ANOTHER,12.5,8.0,10.4,13.1,1141,506,60
2241,rainbow guitar weeps,ANOTHER,12.1,2.0,6.9,10.1,2699,1669,476
2253,RIZING YOU UP,ANOTHER,12.2,3.7,8.3,11.5,2378,1127,185
2259,Sigmund,ANOTHER,12.6,9.6,11.7,13.8,787,227,19
2260,Sigmund,LEGGENDARIA,12.7,11.4,12.7,14.1,291,104,7
2272,Unicorn tail,ANOTHER,12.1,1.6,6.3,9.7,2734,1825,582
2278,Verflucht,ANOTHER,12.4,7.3,10.4,12.7,1578,554,93
2279,Verflucht,LEGGENDARIA,12.6,9.2,11.1,13.3,912,348,52
2282,VOX UP,ANOTHER,12.5,6.8,10.4,13.6,1526,506,32
2297,バンブーソード・ガール,ANOTHER,12.3,3.8,7.7,11.0,2305,1355,275
2300,海神,ANOTHER,12.3,4.4,7.2,10.2,2359,1567,438
2309,轟け！恋のビーンボール！！,ANOTHER,12.2,3.1,8.1,11.4,2514,1254,235
2315,疾風迅雷,ANOTHER,12.4,6.1,8.9,12.2,1735,952,120
2316,疾風迅雷,LEGGENDARIA,12.6,9.8,11.7,13.7,677,240,26
2319,旋律のドグマ～Miserables～,ANOTHER,12.4,6.3,9.1,11.7,1825,976,193
2331,煉獄のエルフェリア,ANOTHER,12.5,8.1,10.9,13.2,1306,389,57
2344,Beat Radiance,LEGGENDARIA,12.3,5.1,7.9,10.6,1983,1228,336
2356,Broken Sword,ANOTHER,12.3,4.5,7.2,9.9,2338,1576,512
2367,CHRONO DIVER -NORNIR-,LEGGENDARIA,12.7,10.8,12.1,13.9,416,172,14
2370,Chrono Diver -PENDULUMs-,ANOTHER,12.7,10.5,12.4,14.0,515,129,9
2376,cinder,ANOTHER,12.2,3.3,7.3,10.5,2358,1459,377
2383,Cosmic Cat,LEGGENDARIA,12.4,7.4,9.6,12.2,1291,734,118
2386,Despair of ELFERIA,ANOTHER,12.3,5.0,8.1,11.2,2220,1269,260
2389,EBONY & IVORY,ANOTHER,12.4,7.2,9.9,12.0,1572,701,152
2390,EBONY & IVORY,LEGGENDARIA,12.6,9.3,11.5,13.6,781,254,30
2393,entelecheia,ANOTHER,12.4,6.7,8.9,11.4,1724,1041,249
2399,fallen leaves -IIDX edition-,ANOTHER,12.4,7.2,9.4,11.9,1563,890,171
2402,FANTASTIC THREE,ANOTHER,12.4,6.8,9.5,12.4,1621,814,104
2405,Flashes,ANOTHER,12.5,8.0,10.0,11.9,1351,696,178
2408,Gravigazer,ANOTHER,12.1,1.4,5.8,8.9,2719,1904,733
2453,Night sky,ANOTHER,12.3,5.9,8.2,11.1,2014,1254,284
2468,Rave*it!! Rave*it!!,ANOTHER,12.1,1.7,5.7,9.1,2683,1885,616
2474,Reflux,ANOTHER,12.5,7.1,10.1,13.1,1480,615,59
2483,Say YEEEAHH,ANOTHER,12.4,7.3,9.8,12.4,1488,705,109
2492,Shooting Fireball,ANOTHER,12.2,3.0,6.6,10.0,2614,1725,506
2498,Sounds Of Summer,ANOTHER,12.2,4.7,6.6,10.0,2189,1661,486
2501,SpaceLand☆TOYBOX,ANOTHER,12.2,3.8,7.1,10.1,2426,1588,470
2516,The Least 100sec,ANOTHER,12.0,0.9,5.2,9.3,2764,2036,612
2519,TIEFSEE,ANOTHER,12.3,4.3,7.3,10.1,2424,1543,482
2522,TOXIC VIBRATION,ANOTHER,12.4,5.8,9.0,11.9,1988,994,171
2528,We're so Happy (P*Light Remix) IIDX ver.,ANOTHER,12.0,1.1,5.3,9.4,2828,2038,572
2531,Ｘ↑Ｘ↓,ANOTHER,12.1,1.5,6.4,10.2,2605,1739,427
2534,ZZ,ANOTHER,12.0,1.1,5.6,8.7,3025,2126,844
2537,それは花火のような恋,ANOTHER,12.3,4.0,7.2,10.3,2359,1501,415
2564,リリーゼと炎龍レーヴァテイン,ANOTHER,12.3,4.0,7.6,10.8,2435,1414,347
2567,夏色DIARY - L.E.D.-G STYLE MIX -,ANOTHER,11.8,0.9,4.2,8.8,2753,2164,692
2570,鬼天,ANOTHER,12.2,3.5,7.6,10.7,2352,1346,319
2573,共鳴遊戯の華,ANOTHER,12.6,10.1,11.8,13.5,627,221,38
2588,少年は空を辿る,ANOTHER,12.5,7.3,10.1,12.9,1497,619,75
2591,千年ノ理,ANOTHER,12.3,4.7,7.9,10.8,2273,1328,319
2600,超青少年ノ為ノ超多幸ナ超古典的超舞曲,ANOTHER,12.3,4.1,6.6,9.4,2546,1827,657
2601,超青少年ノ為ノ超多幸ナ超古典的超舞曲,LEGGENDARIA,12.7,10.6,12.2,13.8,462,146,17
2607,表裏一体！？怪盗いいんちょの悩み,ANOTHER,12.4,6.7,9.7,12.5,1679,755,100
2617,199024club -Re:BounceKiller-,ANOTHER,12.0,1.0,3.6,9.0,2755,2123,480
2626,AO-1,ANOTHER,12.3,4.3,6.9,10.0,2231,1577,476
2635,Battle Train -IIDX Edition-,ANOTHER,12.0,1.2,5.8,10.0,2664,1865,455
2638,Blue Spring Express,ANOTHER,12.3,3.6,7.4,10.8,2357,1464,326
2644,chaos eater -IIDX edition-,ANOTHER,12.1,1.7,6.6,10.0,2536,1601,471
2647,CODE:1 [revision1.0.1],ANOTHER,12.6,9.9,11.4,13.1,678,273,62
2660,Devil's Gear,ANOTHER,12.2,3.6,7.2,10.3,2424,1524,425
2663,DIAMOND CROSSING,ANOTHER,12.5,7.3,10.5,12.8,1424,478,75
2675,Dynamite,ANOTHER,12.4,6.8,9.4,12.1,1773,883,142
2695,GOBBLE,HYPER,12.6,8.4,11.6,13.9,1075,241,11
2699,Godspeed,ANOTHER,12.3,5.5,8.9,11.7,2112,1034,202
2702,Grand Chariot,ANOTHER,12.5,7.4,10.2,12.8,1403,568,78
2705,Highcharge Divolt,ANOTHER,12.0,1.2,5.5,9.3,2738,1929,623
2723,M4K3 1T B0UNC3,ANOTHER,12.4,6.1,8.2,11.3,1748,1189,233
2732,Nightmare before oversleep,ANOTHER,12.2,4.3,6.9,10.0,2267,1587,485
2735,NINJA IS DEAD IIDX ver.,ANOTHER,11.8,1.1,4.6,8.9,2578,1967,657
2744,NZM,ANOTHER,12.5,7.4,9.8,12.2,1335,691,122
2756,POSSESSION,ANOTHER,12.4,7.5,9.8,11.9,1408,681,155
2762,refrain,ANOTHER,12.4,6.3,8.4,11.1,1858,1192,278
2792,StrayedCatz,ANOTHER,12.3,4.2,8.3,11.9,2161,1137,163
2810,Triple Counter,ANOTHER,12.4,6.9,9.7,12.4,1571,750,106
2828,X,ANOTHER,12.5,8.2,10.7,12.8,1190,452,82
2849,めいさいアイドル☆あいむちゃん♪,ANOTHER,12.4,7.0,8.9,11.4,1577,998,229
2852,駅猫のワルツ,ANOTHER,12.5,8.3,10.4,13.5,1049,494,39
2855,紫陽花 -AZISAI-,ANOTHER,11.8,0.8,3.9,8.5,2925,2364,823
2858,灼熱 Pt.2 Long Train Running,ANOTHER,12.5,7.1,10.1,13.0,1282,501,50
2864,真 地獄超特急 -HELL or HELL-,ANOTHER,12.4,4.7,7.8,11.4,2029,1199,189
2900,〆,ANOTHER,12.2,2.8,6.9,10.2,2552,1607,436
2918,BabeL ～Grand Story～,ANOTHER,12.1,1.3,6.3,9.7,2699,1763,540
2942,Caterpillar,ANOTHER,12.3,5.0,7.8,11.3,1950,1208,218
2951,DORNWALD ～Junge～,ANOTHER,12.3,5.6,8.4,11.4,1924,1113,226
2954,ECHIDNA,ANOTHER,12.5,8.3,10.3,12.4,1122,562,110
2963,FUZIN RIZIN,ANOTHER,12.1,1.4,6.0,10.0,2500,1715,445
2966,Go Ahead!!,ANOTHER,12.4,6.8,11.9,13.7,1356,197,23
2969,GuNGNiR,ANOTHER,12.5,7.8,10.5,13.0,1295,476,71
2972,HADES,ANOTHER,12.0,0.9,4.1,9.0,2941,2327,683
2990,Mare Nectaris,ANOTHER,12.7,10.5,12.9,14.0,416,83,8
3005,OTENAMI Hurricane,ANOTHER,12.4,6.5,9.7,12.5,1596,752,99
3014,Quakes,ANOTHER,12.3,5.6,8.8,12.0,1772,970,141
3017,RAIN,ANOTHER,12.3,4.7,7.7,10.9,2092,1318,285
3020,Rave Cannon,ANOTHER,12.0,1.2,4.6,8.9,2672,2073,686
3053,SEQUENCE CAT,ANOTHER,12.6,9.5,11.1,13.0,837,344,65
3065,Sky High,ANOTHER,12.4,7.1,9.2,11.6,1522,910,207
3068,Snakey Kung-fu,ANOTHER,12.3,5.1,7.8,10.7,2016,1281,327
3077,Summerlights(IIDX Edition),ANOTHER,12.1,3.1,7.9,11.2,2194,1218,228
3080,Super Rush,ANOTHER,12.2,2.5,6.0,9.5,2607,1842,595
3092,TOGAKUSHI,ANOTHER,12.0,1.2,5.2,9.5,2740,1953,556
3110,イザナミノナゲキ,ANOTHER,12.4,7.5,10.2,12.7,1327,584,87
3122,焔極OVERKILL,ANOTHER,12.5,7.5,9.7,12.7,1349,753,87
3125,火影,ANOTHER,12.0,1.0,5.2,10.4,2713,1908,318
3131,九尾狐夜行,ANOTHER,11.8,0.9,3.3,7.7,2897,2447,1026
3143,刃図羅,ANOTHER,12.2,3.6,6.3,9.5,2317,1695,588
3146,津軽雪,ANOTHER,12.4,7.5,9.6,12.0,1460,782,161
3157,廿,LEGGENDARIA,12.4,6.2,8.0,11.1,1394,1018,225
3158,凛として咲く花の如く,LEGGENDARIA,12.0,1.4,6.0,9.3,2507,1773,636
3159,STARLIGHT DANCEHALL,LEGGENDARIA,12.4,7.4,9.1,11.6,1265,848,183
3162,THE DEEP STRIKER,LEGGENDARIA,12.4,7.4,10.2,12.5,1151,515,99
3165,Apocalypse,ANOTHER,12.4,6.0,8.3,11.3,1761,1109,233
3174,童話回廊,ANOTHER,12.0,1.2,5.0,8.3,2547,1943,795
3180,State Of The Art,ANOTHER,12.3,4.7,7.2,10.1,2080,1436,455
3195,AA -rebuild-,ANOTHER,12.3,5.7,8.0,11.0,1887,1235,299
3213,Arca,ANOTHER,12.1,3.3,6.2,9.7,2207,1624,498
3240,DEADHEAT,ANOTHER,12.3,4.4,8.2,11.6,2007,1113,183
3303,The Chase,ANOTHER,12.2,1.8,5.8,11.0,2194,1356,200
3312,Xperanza,ANOTHER,12.2,3.7,7.1,10.9,2332,1463,271
3333,神謳 -RESONANCE-,ANOTHER,12.3,4.5,8.0,11.2,2181,1237,260
3342,Amazing Mirage,LEGGENDARIA,12.3,4.9,7.4,10.3,1902,1308,398
3343,龍と少女とデコヒーレンス,LEGGENDARIA,12.3,4.4,7.6,10.3,1973,1284,393
3349,DEATH†ZIGOQ ～怒りの高速爆走野郎～,ANOTHER,12.4,6.5,8.8,11.5,1559,962,196
3361,Usual Days-remix,ANOTHER,12.4,6.2,9.5,12.9,1604,749,65
3362,RED ZONE,LEGGENDARIA,11.8,1.0,5.0,9.0,2460,1881,650
3365,Boomy and The Boost,ANOTHER,12.4,6.9,8.4,11.0,1549,1137,290
3368,encounter,ANOTHER,12.0,1.5,5.6,9.3,2424,1795,594
3380,東京神話,ANOTHER,12.4,7.0,9.5,12.1,1419,758,131
3381,CONTRACT,LEGGENDARIA,12.6,8.7,10.5,12.6,864,452,85
3384,NITROUS CANNON,ANOTHER,12.3,6.1,8.7,11.5,1685,988,199
3390,DUE TOMORROW,ANOTHER,12.5,8.2,10.8,13.4,996,376,44
3393,Persephone,ANOTHER,12.0,1.4,4.9,8.6,2480,1936,749
3399,Raspberry Railgun,ANOTHER,12.0,2.1,6.0,9.2,2367,1720,639
3402,Papilio ulysses,ANOTHER,12.1,1.1,5.5,9.5,2502,1771,526
3408,HYPE THE CORE,ANOTHER,12.6,8.7,11.1,13.8,917,326,17
3414,Rampage,ANOTHER,12.3,5.7,7.5,10.5,1818,1310,357
3423,シムルグの目醒め,ANOTHER,12.4,6.8,9.2,12.0,1530,859,139
3424,Blue Rain,LEGGENDARIA,12.5,7.8,9.8,11.8,1180,661,164
3425,Kung-fu Empire,LEGGENDARIA,12.2,3.7,7.3,10.3,2027,1315,374
3426,spiral galaxy,LEGGENDARIA,12.5,8.2,9.7,11.9,1029,691,158
3433,Y&Co. is dead or alive,ANOTHER,12.4,7.6,11.1,13.5,960,262,34
3439,Invitation from Mr.C,ANOTHER,12.1,1.4,5.8,9.4,2382,1676,540
3442,DropZ-Line-,ANOTHER,12.4,6.9,9.9,12.3,1157,529,100
3463,Eine Haube ～聖地の果てにあるもの～,ANOTHER,12.0,1.2,6.3,10.1,2477,1593,433
3472,Initiation,ANOTHER,12.6,9.1,10.3,12.4,858,523,106
3475,"Life Is A Game ft.DD""ナカタ""Metal",ANOTHER,12.4,6.5,8.0,11.2,1439,1100,229
3484,255,ANOTHER,12.2,3.7,7.3,10.9,1911,1220,262
3487,Illusionary Waterlily,ANOTHER,12.3,6.2,8.1,10.9,1622,1148,290
3490,Slipstream,ANOTHER,12.3,4.2,7.2,10.4,2006,1348,351
3493,Antigravity,ANOTHER,12.0,1.0,5.3,9.8,2455,1768,458
3496,EMERALDAS,ANOTHER,12.6,9.8,11.8,13.6,672,209,31
3500,Little Little Princess,LEGGENDARIA,12.5,7.5,9.4,11.9,1201,756,146
3501,QUANTUM TELEPORTATION,LEGGENDARIA,12.5,7.8,10.0,12.1,1153,574,121
3511,waxing and wanding,LEGGENDARIA,12.5,8.5,10.0,12.3,955,572,111
3512,Ubertreffen,LEGGENDARIA,12.4,5.8,8.8,11.4,1600,923,213
3515,ANCHOR,ANOTHER,12.3,5.7,8.1,11.0,1737,1110,267
3518,op.31 叙情,ANOTHER,11.6,1.3,6.8,10.0,1885,1091,355
3533,dAuntl3ss,ANOTHER,12.4,6.3,8.3,10.9,1610,1093,285
3539,Dr. Chemical & Killing Machine,ANOTHER,12.5,7.7,9.0,11.1,1299,949,278
3563,L.F.O,ANOTHER,12.2,4.2,7.2,10.5,2019,1351,332
3569,Level One,ANOTHER,12.4,6.1,9.1,12.3,1612,802,100
3599,THE DAY OF JUBILATIONS,ANOTHER,12.3,5.6,8.6,11.5,1769,1004,200
3602,The Rebellion of Sequencer,ANOTHER,12.5,7.6,9.8,12.2,1200,673,119
3623,Xlo,ANOTHER,12.4,6.2,8.7,11.8,1724,1025,164
3653,GIGA THRASH,ANOTHER,12.2,4.1,6.8,10.0,2041,1455,453
3657,KAISER PHOENIX,LEGGENDARIA,12.7,11.0,12.9,14.1,330,84,8
3658,RUGGED ASH,LEGGENDARIA,12.2,4.0,8.3,10.9,1812,1006,281
3664,Catch Our Fire!,ANOTHER,12.3,4.9,8.4,11.4,1737,989,206
3667,KILL EACH OTHER,ANOTHER,12.3,4.8,7.8,11.0,1925,1196,267
3670,金野火織の金色提言,ANOTHER,12.3,4.9,8.0,11.1,1786,1063,232
3673,Drastic Dramatic,ANOTHER,12.1,1.4,5.8,9.3,2429,1745,610
3676,LOST TECHNOLOGIE,ANOTHER,12.4,6.7,9.4,12.1,1448,798,131
3691,Red. by Jack Trance,ANOTHER,12.3,2.7,7.8,11.7,2024,959,138
3700,Painful Fate,ANOTHER,12.4,7.3,9.6,12.1,1313,748,128
3712,New Castle Legions,ANOTHER,12.1,3.8,7.1,10.3,1599,1051,310
3713,GRID KNIGHT,LEGGENDARIA,12.2,5.3,9.0,11.9,1460,766,137
3716,Carry Me Away,ANOTHER,12.0,1.0,4.9,8.8,2335,1760,639
3719,X-DEN,ANOTHER,12.6,9.3,13.4,14.2,769,51,6
3725,抱きしめてモナムール,ANOTHER,12.3,4.3,7.9,11.0,1919,1129,266
3731,EVANESCENT,ANOTHER,12.2,5.1,7.2,10.1,1695,1231,390
3734,Macho Monky,ANOTHER,12.1,2.3,6.1,9.6,2116,1542,480
3737,Necroxis Girl,ANOTHER,12.5,8.0,8.7,11.7,1084,923,166
3743,Unbelief,ANOTHER,12.4,7.2,9.6,12.3,1209,685,114
3746,Carmina,ANOTHER,12.6,8.9,11.1,13.5,868,330,41
3767,ONIGOROSHI,ANOTHER,12.1,2.0,6.2,9.9,1965,1348,399
3773,HARD BRAIN,ANOTHER,12.3,5.4,6.8,9.6,1873,1478,547
3794,ruin of opals,ANOTHER,12.3,6.1,7.7,10.7,1379,1046,273
3797,Visterhv,ANOTHER,12.3,5.1,7.5,10.6,1857,1260,327
3808,Welcome,LEGGENDARIA,12.5,7.6,10.0,12.3,1089,552,104
3812,B4U(BEMANI FOR YOU MIX),LEGGENDARIA,12.3,5.6,8.3,11.0,1554,983,248
3813,Wanna Party?,LEGGENDARIA,12.2,4.2,7.3,10.1,2026,1312,439
3814,AIR RAID FROM THA UNDAGROUND,LEGGENDARIA,12.4,5.2,7.8,11.2,1397,966,199
3820,GENE,ANOTHER,12.1,2.0,6.9,9.9,2281,1398,454
3823,Night! Night! Night!,ANOTHER,12.1,1.5,6.3,9.8,2306,1514,462
3832,お菓子の王国,ANOTHER,12.4,6.9,10.7,13.4,1383,404,47
3835,泰東ノ翠霞,ANOTHER,12.1,3.6,7.1,11.0,1804,1051,195
3839,Twelfth Style,LEGGENDARIA,12.4,6.5,9.2,11.7,1343,753,154
3842,GO OVER WITH GLARE -ROOTAGE 26-,ANOTHER,12.3,5.6,7.8,10.5,1517,1036,302
3845,Lethal Weapon,ANOTHER,12.3,5.3,8.8,11.5,1647,830,173
3848,Afterimage d'automne,ANOTHER,11.8,0.9,3.5,8.0,2387,2006,785
3860,Trill auf G,ANOTHER,12.2,3.6,8.2,11.3,1973,1026,209
3863,voltississimo,ANOTHER,12.3,4.6,8.8,11.4,1616,770,170
3872,最小三倍完全数,ANOTHER,12.4,5.8,8.7,11.9,1437,862,133
3935,Primitive Vibes,ANOTHER,11.8,0.9,3.3,7.8,2554,2150,873
3953,T-REX vs Velociraptor (In the Far east euphoria),ANOTHER,12.1,1.4,6.1,9.8,2263,1541,452
3956,TECHNO Style Essentials,ANOTHER,12.3,3.7,7.3,10.4,2007,1284,348
3959,THE BRAVE MUST DIE,ANOTHER,12.4,7.0,10.2,12.6,1268,510,80
3962,TRIUMPH,ANOTHER,12.2,2.5,5.7,9.6,2180,1618,487
3992,深淵に捧ぐレクイエム,ANOTHER,12.0,1.0,5.2,9.1,2416,1762,587
4000,one or eight,LEGGENDARIA,12.2,3.4,7.8,11.1,1811,1078,223
4001,千年ノ理,LEGGENDARIA,12.6,9.6,11.6,13.6,681,232,30
4013,LIGHTNING STRIKES,ANOTHER,12.3,4.7,7.6,10.5,1851,1182,325
4025,AKASHIC BREAK,ANOTHER,12.1,1.4,7.0,10.4,2072,1256,322
4034,華麗なる大犬円舞曲,ANOTHER,12.3,5.0,8.0,11.0,1755,1063,240
4040,Inferno of Fomalhaut,ANOTHER,12.5,8.0,9.9,12.6,952,557,82
4046,SCREW // owo // SCREW,ANOTHER,12.3,2.4,6.8,11.2,1880,1174,191
4055,Rave Patroller,ANOTHER,12.1,1.6,5.2,8.7,2174,1675,630
4058,THE F∀UST,ANOTHER,12.5,7.9,10.2,12.5,1096,504,92
4070,Lords Of The Roundtable,ANOTHER,12.3,3.5,7.1,11.4,1694,1000,147
4073,Matt Silver,ANOTHER,12.3,6.0,7.6,10.2,1548,1180,391
4077,POODLE,LEGGENDARIA,12.1,1.6,6.0,9.5,1996,1439,479
4078,TITANS RETURN,LEGGENDARIA,12.5,7.3,10.9,13.4,896,291,36
4081,がっつり陰キャ!? 怪盗いいんちょの億劫^^;,ANOTHER,12.4,7.0,9.0,11.6,1314,828,183
4087,LASER CRUSTER (IGNITE REMIX),ANOTHER,12.3,4.6,8.2,11.1,1716,987,225
4105,BEAT PRISONER,ANOTHER,12.4,5.7,8.2,11.4,1594,989,193
4108,Double Dribble,ANOTHER,12.2,3.0,6.3,9.4,1964,1418,517
4111,Level 2,ANOTHER,12.4,5.9,8.7,11.7,1436,836,151
4123,Vinculum stellarum,ANOTHER,12.3,5.3,8.1,10.9,1589,978,242
4131,ZEPHYRANTHES,LEGGENDARIA,12.4,6.0,8.6,11.5,1258,812,169
4134,Everlasting Message,ANOTHER,12.5,7.1,10.2,13.0,1140,457,57
4137,Artist,ANOTHER,12.4,7.1,9.8,12.5,1232,588,87
4140,Friction[!]Function,ANOTHER,12.2,2.4,6.7,10.3,2011,1338,346
4152,ピアノ協奏曲第1番”蠍火” (BlackY Remix),ANOTHER,12.6,8.4,9.9,12.8,859,557,71
4162,TRANOID,LEGGENDARIA,12.6,10.1,11.7,13.5,405,171,32
4168,魅惑のYUMMYスイーツ,ANOTHER,12.5,7.4,10.4,13.1,1064,428,53
4172,Secrets,LEGGENDARIA,12.4,6.7,9.3,11.6,1234,706,159
4178,ORCA,ANOTHER,12.4,6.9,9.6,12.4,1240,643,102
4187,Dans la nuit de l'eternite,ANOTHER,12.3,4.0,8.0,11.4,1738,978,178
4193,EROICA,ANOTHER,12.7,10.9,13.0,14.1,305,71,6
4199,Smashing Wedge,ANOTHER,12.5,7.6,9.8,12.3,1024,547,99
4205,Megalara Garuda,ANOTHER,12.2,2.6,7.1,10.4,1835,1150,323
4213,GuNGNiR,LEGGENDARIA,12.7,11.0,12.9,14.0,297,75,8
4225,BIGソムタム,ANOTHER,12.1,2.3,5.8,9.3,2153,1569,516
4237,Empire of Fury,ANOTHER,12.3,5.2,8.3,11.4,1565,924,184
4312,Vitrum,ANOTHER,12.1,1.2,5.7,9.0,2154,1535,560
4321,∀,ANOTHER,12.5,8.0,10.3,12.7,1064,484,75
4330,水鏡の異界,ANOTHER,12.3,4.1,7.7,10.8,1721,1068,246
4345,魔法のかくれんぼ,ANOTHER,12.3,5.9,8.9,11.9,1280,718,119
4346,Arabian Rave Night,LEGGENDARIA,12.3,4.0,7.5,10.4,1616,1074,306
4351,お米の美味しい炊き方、そしてお米を食べることによるその効果。,LEGGENDARIA,12.5,6.9,9.7,12.6,1014,549,75
4366,THE PEERLESS UNDER HEAVEN,ANOTHER,12.4,6.9,9.3,12.2,1268,721,105
4375,Viridian,ANOTHER,12.4,6.4,8.4,10.9,1347,916,255
4381,閠槞彁の願い,ANOTHER,12.5,7.5,9.8,12.4,1028,546,91
4402,ASIAN VIRTUAL REALITIES (MELTING TOGETHER IN DAZZLING DARKNESS),ANOTHER,12.3,4.0,7.6,10.7,1820,1104,281
4408,MEGAERA,ANOTHER,12.5,7.6,10.2,12.5,1010,456,81
4411,Rubrum Piano,ANOTHER,12.0,1.1,4.5,7.8,2083,1666,746
4414,SOLID STATE SQUAD -RISEN RELIC REMIX-,ANOTHER,12.3,5.6,8.2,11.3,1417,928,182
4423,Dawn Saga,ANOTHER,12.1,1.3,5.6,8.6,2136,1583,649
4426,-65℃,ANOTHER,12.5,8.1,10.1,12.7,918,477,67
4432,Tiempo Loco,ANOTHER,12.3,5.8,8.1,10.7,1461,971,273
4435,innocent revolver,ANOTHER,12.3,5.4,7.7,10.8,1432,986,250
4450,バッド・スイーツ、バッド・ドリーム,ANOTHER,12.0,1.0,4.8,9.3,2107,1524,427
4457,thunder HOUSE NATION Remix,LEGGENDARIA,12.4,7.3,9.0,11.3,1015,708,189
4458,Be quiet,LEGGENDARIA,12.5,9.3,10.4,12.9,635,399,61
4460,Ganymede,LEGGENDARIA,12.2,2.5,7.6,10.9,1402,887,212
4463,BLACK or WHITE?,ANOTHER,12.4,6.9,8.8,11.2,1163,779,208
4466,ディスコルディア,ANOTHER,12.6,8.7,10.9,13.2,770,315,47
4481,Parvati,ANOTHER,11.8,0.9,3.6,7.8,1997,1673,713
4484,二人ノ廃城幽踊宴,ANOTHER,12.5,8.2,11.0,13.6,769,282,25
4487,伐折羅-vajra-,ANOTHER,12.5,7.6,9.3,11.6,1058,713,172
4503,STEEL NEEDLE,LEGGENDARIA,12.7,10.6,13.5,14.2,328,39,4
4506,Ignis†Irae,ANOTHER,12.4,7.2,9.8,12.4,1041,533,82
4509,Sinus Iridum,ANOTHER,12.6,9.9,12.6,14.0,483,87,9
4520,ΕΛΠΙΣ,LEGGENDARIA,12.4,7.3,9.7,11.9,993,564,125
4523,COSMIC RAY,ANOTHER,12.4,6.0,9.5,12.3,1183,582,84
4532,Level 3,ANOTHER,12.4,6.8,8.4,11.1,1156,849,197
4535,LOCUS OF THE TRAVEL,ANOTHER,12.4,6.4,9.2,11.8,1183,658,125
4544,DUAL STRIKER,ANOTHER,12.4,6.7,9.0,11.5,1161,704,164
4556,スーパー戦湯ババンバーン,ANOTHER,12.1,3.8,6.8,9.8,1455,1054,351
4561,"Anisakis -somatic mutation type""Forza""-",LEGGENDARIA,12.6,9.1,11.6,13.8,678,191,14
4562,Ypsilon,LEGGENDARIA,12.2,5.1,7.4,10.0,1321,954,351
4563,SAMURAI-Scramble,LEGGENDARIA,12.5,6.0,9.8,13.1,939,381,33
4564,the trigger of innocence,LEGGENDARIA,12.2,3.4,7.2,10.2,1572,1047,330
4570,Angel's Ladder,ANOTHER,12.3,4.4,7.9,11.2,1706,1007,202
4582,Don't believe the hype,ANOTHER,12.3,5.3,7.9,11.1,1420,890,185
4591,Fegrix,ANOTHER,12.3,4.6,7.2,10.3,1640,1164,339
4597,GiGaGaHell,ANOTHER,12.2,3.3,7.6,11.4,1507,889,140
4609,LIVE DRIVING!! feat. 花たん,ANOTHER,12.3,5.2,7.8,10.9,1510,998,249
4633,Purple Perplex,ANOTHER,12.3,4.4,8.2,11.7,1500,873,133
4636,Skreaming for Salvation,ANOTHER,12.2,4.4,7.9,10.8,1353,822,203
4645,Triple Cross,ANOTHER,12.3,5.6,8.0,10.8,1445,974,260
4692,BroGamer,LEGGENDARIA,12.7,11.0,12.0,13.9,256,148,11
4693,Candy Galy,LEGGENDARIA,12.4,6.8,9.3,11.8,1074,639,129
4707,One for All,ANOTHER,12.1,3.6,7.1,10.5,1524,998,262
4710,TOMAHAWK,ANOTHER,12.3,4.7,8.0,11.7,1326,820,115
4722,Aftermath,ANOTHER,12.3,5.8,7.9,10.6,1333,910,264
4734,ALTERNATOR,ANOTHER,12.3,6.0,7.8,10.6,1357,964,275
4746,禊,ANOTHER,12.1,1.5,6.1,9.3,1934,1368,497
4752,Binary Black Hole,ANOTHER,12.6,9.3,10.6,12.6,640,352,71
4755,Silver Bullet,ANOTHER,12.4,6.6,9.5,12.1,1112,576,105
4768,NEW GENERATION -もう、お前しか見えない-,LEGGENDARIA,12.3,5.9,9.4,12.1,1027,548,90
4780,PLASMA SOUL NIGHT feat. Nana Takahashi / 709sec.,ANOTHER,12.4,7.0,9.1,11.6,1116,698,156
4783,烽火連天の刃,ANOTHER,12.4,6.3,8.6,11.2,1249,792,200
4789,Push on Beats!～音ゲの国のeX-ストリーマー～,ANOTHER,12.3,5.7,8.3,11.3,1163,761,173
4792,2 Beasts Unchained,ANOTHER,12.4,7.5,9.6,12.0,828,497,97
4798,逆月,ANOTHER,12.4,4.9,7.7,10.9,1452,971,238
4804,世界の果てに約束の凱歌を -ReUnion-,ANOTHER,12.3,5.5,8.1,11.2,1483,950,207
4806,REVOLVER,LEGGENDARIA,12.5,7.9,10.4,12.8,813,379,61
4807,Scripted Connection⇒ A mix,LEGGENDARIA,12.4,7.2,9.4,11.8,920,576,126
4813,Flying Castle,ANOTHER,12.4,6.5,8.5,11.1,1210,831,214
4819,WHA,ANOTHER,12.5,6.7,10.2,13.3,1060,414,33
4825,天邪鬼,ANOTHER,12.4,5.6,7.9,10.7,1442,966,271
4828,ABSOLUTE EVIL,ANOTHER,12.4,6.1,8.6,11.5,1315,805,171
4831,n/a,ANOTHER,12.7,11.3,12.5,13.9,222,97,12
4835,Phoenix,LEGGENDARIA,12.7,10.7,11.9,13.7,322,154,19
4838,RAGE feat.H14 of LEONAIR,ANOTHER,12.5,7.2,9.8,12.8,1001,491,53
4841,Smalt #28598F,ANOTHER,12.2,3.6,6.9,9.7,1668,1132,427
4844,"ピアノ独奏無言歌 ""灰燼""",ANOTHER,12.6,10.4,12.0,13.6,381,145,23
4845,Time to Air,LEGGENDARIA,12.5,9.2,10.2,12.8,560,396,58
4852,Fire Beat,ANOTHER,11.8,1.3,5.8,9.7,1358,972,312
4855,GRAVITON,ANOTHER,12.4,7.4,9.0,11.2,909,665,189
4868,GIGANT,LEGGENDARIA,12.1,3.2,6.5,9.9,1277,970,321
4869,Override,LEGGENDARIA,12.6,8.6,10.1,12.1,691,429,110
4870,Umbral,LEGGENDARIA,12.2,4.8,7.4,10.3,1217,883,287
4871,華爛漫 -Flowers-,LEGGENDARIA,12.4,7.0,9.0,11.4,1036,684,175
4875,Illegal Function Call,LEGGENDARIA,12.7,11.4,13.3,14.2,201,48,5
4881,Arkadia,ANOTHER,12.5,7.2,9.2,11.6,1038,652,157
4887,hard-wired,ANOTHER,12.5,8.0,10.6,13.5,786,324,28
4893,雪上断火,ANOTHER,12.0,1.3,5.2,9.2,1634,1152,362
4899,anthracene,ANOTHER,12.3,5.1,7.8,10.7,1354,897,238
4902,B.O.D.Y.,ANOTHER,12.3,4.1,7.0,9.9,1612,1111,375
4905,Bad Encryption,ANOTHER,12.5,8.2,11.1,13.4,814,274,33
4929,Meissa,ANOTHER,12.1,2.1,6.2,9.3,1752,1230,443
4935,No Border,ANOTHER,12.3,4.8,7.8,10.5,1558,976,289
4965,TECHNOPHOBIA,ANOTHER,12.3,5.7,8.1,11.5,1433,918,164
4992,儚キ戀ノ幻想譚,ANOTHER,12.4,6.5,8.7,11.2,1221,788,204
5016,I,ANOTHER,12.3,5.7,8.1,10.8,1273,845,226
5019,RINNE,ANOTHER,12.4,6.9,9.3,11.7,1003,600,131
5025,[ ]DENTITY,ANOTHER,12.4,7.2,9.7,12.3,970,523,84
5028,VOLAQUAS,ANOTHER,12.4,6.1,8.9,11.7,1083,644,130
5031,ハイテックトキオ,LEGGENDARIA,12.2,2.6,6.3,9.5,1568,1140,411
5032,rage against usual,LEGGENDARIA,12.4,6.6,11.5,13.6,974,183,22
5033,The Limbo,LEGGENDARIA,12.7,11.7,12.8,13.9,176,78,12
5045,Peaktime Booster,ANOTHER,12.2,3.2,7.8,11.6,1446,812,131
5048,LOUDER ROLLING THUNDER,ANOTHER,12.4,6.4,9.4,12.0,1016,550,103
5060,Hat Surprise (Season 2),ANOTHER,12.2,4.3,7.0,10.0,1302,946,335
5063,Ou Legends,ANOTHER,12.3,6.0,8.7,11.6,1078,665,130
5073,Sweet Clapper,LEGGENDARIA,12.3,5.6,8.0,10.6,1248,835,240
5074,デモーニッシュ,LEGGENDARIA,12.4,6.9,9.1,11.9,753,497,95
5088,ONE AND ONLY,ANOTHER,12.1,2.5,5.9,9.7,1590,1195,381
5091,Super Freak,ANOTHER,12.2,3.9,7.5,10.6,1367,884,245
5094,Level 4,ANOTHER,12.4,6.0,9.0,12.1,1080,607,93
5115,The Clown of 24stairs,ANOTHER,12.4,7.1,10.3,13.0,893,367,47
5118,恋愛＝精度×認識力,ANOTHER,12.3,4.9,8.5,11.6,1067,567,110
5124,dica dica,ANOTHER,12.2,3.4,7.4,10.9,1531,922,197
5125,Burning Flame,LEGGENDARIA,12.3,5.0,7.7,10.8,1175,818,215
5127,龍王の霊廟(Mausoleum Of The Primal Dragon),LEGGENDARIA,12.4,6.3,9.6,12.3,1014,489,80
5130,kors k's How to make OTOGE CORE 「LONG」,ANOTHER,12.3,5.9,8.1,11.1,1088,744,191
5133,Beyond Evolution,ANOTHER,12.6,9.2,12.2,13.9,596,119,10
5145,glacia,ANOTHER,12.2,4.6,7.3,10.2,1328,926,301
5148,Chaotoxin,ANOTHER,12.4,5.9,9.1,11.8,1143,609,126
5151,栄冠のカンパネラ,ANOTHER,12.5,8.3,10.5,12.8,719,345,54
5154,BIGWAVERS,ANOTHER,12.3,5.5,8.1,11.0,1170,772,212
5157,Somnidiscotheque,ANOTHER,12.7,11.6,12.9,14.2,173,63,5
5169,神のシナリオ,ANOTHER,12.2,3.3,7.3,10.6,1428,910,224
5172,ぞうしょく！？マイデンティティ,ANOTHER,12.3,6.0,8.6,11.2,995,641,162
5175,Xerulean,ANOTHER,12.6,9.1,10.8,13.1,592,291,42
5184,MAX 300,ANOTHER,12.3,5.9,9.0,11.8,1064,599,117
5190,OTOKOZAKA,ANOTHER,12.1,4.2,6.9,9.8,1310,943,343
5194,Elektrick U-Phoria,LEGGENDARIA,12.6,8.6,10.4,12.5,633,338,71
5196,Violet Pulse,LEGGENDARIA,12.5,7.8,10.3,12.6,755,362,60
5197,four pieces of heaven,LEGGENDARIA,12.6,10.1,12.1,13.8,354,110,12
5200,#CMFLG,ANOTHER,12.0,1.4,5.8,9.8,1545,1124,345
5203,24h Endurance Race,ANOTHER,12.3,5.8,8.7,11.8,1073,634,113
5206,Always We Trust In You,ANOTHER,12.2,3.5,7.8,10.9,1252,763,189
5218,MAX 360,ANOTHER,12.2,2.0,6.8,10.4,1242,827,233
5227,Stylus,ANOTHER,12.3,3.9,7.2,10.2,1375,920,285
5233,VOID,ANOTHER,12.4,7.2,10.1,12.4,744,338,61
5239,suspicions,ANOTHER,12.5,8.6,10.0,12.2,597,390,85
5255,ATHER,LEGGENDARIA,12.1,1.5,8.1,11.4,1051,569,115
5256,Dances with Snow Fairies,LEGGENDARIA,12.7,11.3,12.8,14.0,210,65,7
5272,Dahlia,ANOTHER,12.1,2.5,6.1,9.9,1538,1151,329
5284,frequent,ANOTHER,12.3,4.7,7.5,10.3,1328,902,280
5287,GAME ON,ANOTHER,12.2,2.6,7.4,11.0,1465,849,158
5293,Ghost Pulse,ANOTHER,12.2,4.0,7.1,9.9,1482,1024,353
5305,JUSTICE/GUILTY feat. Nana Takahashi & 709sec.,ANOTHER,12.1,2.5,6.5,9.8,1546,1084,345
5317,SOLAR ECLIPSE,ANOTHER,12.4,5.5,9.8,13.1,1198,466,46
5371,摩天楼,ANOTHER,12.4,6.6,8.8,11.5,1014,644,147
5380,恋する☆宇宙戦争っ！！,LEGGENDARIA,12.4,6.2,8.5,11.4,1021,692,161
5381,BLUE DRAGON(雷龍RemixIIDX),LEGGENDARIA,12.2,4.9,8.3,11.2,1126,694,162
5382,CODE:0,LEGGENDARIA,12.5,7.3,9.8,12.5,795,443,69
5397,《PL|RAYER》,ANOTHER,11.8,1.0,3.8,7.5,1520,1310,665
5403,電光,ANOTHER,12.0,1.0,4.7,9.1,1560,1222,423
5418,Sirius,ANOTHER,12.0,0.8,4.2,8.4,1524,1251,490
5421,終焔のClaudia,ANOTHER,12.2,2.3,6.7,10.2,1333,905,271
5424,"灼熱Beach Side Bunny (かめりあ's ""Summertime D'n'B"" Remix)",ANOTHER,12.2,1.5,6.6,10.5,1353,867,204
5439,Out of Control,ANOTHER,12.3,5.5,9.1,11.9,1090,567,98
5442,Vermilion Carol,ANOTHER,12.3,4.7,8.1,10.8,1227,749,201
5445,Logic Board,ANOTHER,12.5,8.5,10.4,12.5,690,365,74
5446,表裏一体！？怪盗いいんちょの悩み,LEGGENDARIA,12.5,7.8,10.2,12.6,712,364,66
5461,MAXIMUM CHEAT GIRL,ANOTHER,12.3,5.2,8.1,11.2,1062,680,150
5464,Glitch N Ride,ANOTHER,12.4,6.5,9.2,12.0,756,416,83
5476,Sword of Vengeance,ANOTHER,11.8,0.9,4.1,7.9,1487,1223,553
5479,Million Dollar,ANOTHER,12.4,5.7,8.5,11.3,1008,636,153
5482,CADENZA,ANOTHER,12.5,8.2,10.0,12.2,694,405,89
5491,Xb10r,ANOTHER,12.3,4.1,7.3,10.4,1027,703,219
5494,Ambivalent Vermilia,ANOTHER,12.5,7.5,9.8,12.5,648,366,62
5509,Stereo Beasts,ANOTHER,12.3,5.3,7.3,9.9,1071,810,287
5511,KING,LEGGENDARIA,12.2,2.2,6.5,9.4,1486,1052,420
5513,Miracle 5ympho X,LEGGENDARIA,12.3,3.8,8.4,11.9,1022,561,83
5514,O/D*20,LEGGENDARIA,12.4,7.0,9.2,11.7,848,535,126
5516,Saturn,LEGGENDARIA,12.6,8.3,10.9,13.5,579,252,27
5519,俺ら東京さ行ぐだ,LEGGENDARIA,12.4,6.3,9.6,12.3,834,428,67
5520,華蝶風雪,LEGGENDARIA,12.3,5.7,8.0,11.2,908,655,158
5544,BLAZING_LAZER,ANOTHER,12.3,5.6,8.1,10.8,1008,666,198
5550,未完成ノ蒸氣驅動乙女,ANOTHER,12.3,4.2,8.0,10.8,1121,686,190
5553,残像ニ繋ガレタ追憶ノHIDEAWAY,ANOTHER,12.0,1.0,4.0,7.7,1535,1272,624
5556,Demon March,ANOTHER,12.5,7.2,9.8,12.5,823,424,70
5559,惑星鉄道,ANOTHER,12.6,9.7,11.8,13.8,419,141,14
5562,The Last Apocalypse,ANOTHER,12.4,6.0,8.5,11.4,911,586,146
5565,Level 5,ANOTHER,12.5,6.6,9.9,13.0,861,383,41
5580,ACT0,ANOTHER,12.0,1.3,5.6,9.5,1355,1025,351
5583,電腦都市,ANOTHER,12.3,4.3,7.6,11.0,1101,725,169
5589,今宵、ロマンス横丁。,ANOTHER,12.2,1.5,6.3,9.7,1326,936,344
5595,CODE:2,ANOTHER,12.0,1.0,4.1,7.9,1482,1220,569
5598,Vulnerability,ANOTHER,12.5,8.2,10.0,12.5,595,356,58
5604,Cult Invitation,ANOTHER,12.3,4.0,7.9,11.3,1092,642,131
5607,Resonant,ANOTHER,12.3,4.9,8.2,10.9,1059,650,181
5614,GUILTY,LEGGENDARIA,12.3,4.8,8.0,10.7,980,662,198
5615,DEATH†ZIGOQ ～怒りの高速爆走野郎～,LEGGENDARIA,12.7,11.4,12.7,13.9,171,67,10
5616,Lost Souls,LEGGENDARIA,12.6,9.1,10.7,12.9,493,262,50
5617,SOLID WYVERN,LEGGENDARIA,12.6,9.6,10.9,12.9,431,242,47
5622,海神,LEGGENDARIA,12.4,7.0,9.7,12.4,762,420,72
5623,紫陽花 -AZISAI-,LEGGENDARIA,12.5,8.1,10.8,13.5,638,252,22
5632,Bring The Fire,ANOTHER,12.2,4.6,6.3,9.7,1242,1003,326
5641,COSMIC V3LOCITY,ANOTHER,12.3,5.1,8.0,10.6,760,510,171
5644,destination,ANOTHER,12.4,5.0,7.7,10.3,1164,791,253
5653,Drop Syndicate,ANOTHER,12.4,5.9,9.0,11.8,1018,576,114
5662,EX-MASSIVE FIGHTER,ANOTHER,12.3,5.8,7.5,10.3,881,677,219
5674,Here We Go Now,ANOTHER,12.0,1.0,4.4,8.1,1526,1227,520
5680,Lightspeed,ANOTHER,12.4,6.6,8.8,11.2,703,464,138
5689,NOIXIA,ANOTHER,12.4,6.0,8.7,11.7,1057,637,119
5707,Satellite Burst,ANOTHER,12.2,3.0,7.2,10.2,1370,889,265
5716,u gotta beat,ANOTHER,12.2,3.4,7.6,10.5,1337,825,233
5734,スパークリング☆彡ハイパーチューン！！,ANOTHER,12.0,0.8,4.3,8.5,1590,1289,507
5752,灼熱 Lost Summer Dayz,ANOTHER,11.8,0.8,4.3,9.4,1654,1263,321
5760,Scripted Connection⇒ H mix,LEGGENDARIA,12.2,5.4,7.6,10.4,1001,745,225
5762,ALBA -黎明-,LEGGENDARIA,12.4,5.6,8.3,11.4,1085,703,142
5763,BITTER CHOCOLATE STRIKER,LEGGENDARIA,12.5,7.8,10.1,12.5,678,362,64
5764,LIGHTNING STRIKES,LEGGENDARIA,12.6,8.7,10.4,12.5,576,315,64
5773,1116,ANOTHER,12.3,5.2,8.9,11.7,907,483,102
5791,DIVINE JUDGEMENT,ANOTHER,12.3,5.5,7.9,10.7,965,666,204
5794,FlyAway,ANOTHER,12.4,4.7,7.8,10.7,985,647,181
5800,MARLIN,ANOTHER,12.4,6.1,8.8,11.4,770,470,128
5803,Mid-Corner (Magic Maker),ANOTHER,12.1,2.1,5.9,9.8,1131,872,271
5809,Roar of Chronos,ANOTHER,12.3,4.3,7.5,10.2,1080,713,254
5815,Seven Times Four,ANOTHER,12.2,3.3,7.3,10.4,1131,729,217
5824,T.R.O.L.L.,ANOTHER,12.1,4.0,6.9,10.4,908,643,190
5827,The Onlyonez,ANOTHER,11.6,1.0,4.1,7.6,1313,1067,502
5830,Without Heaven,ANOTHER,12.5,7.4,9.6,12.0,604,373,83
5833,hora de verdad,ANOTHER,12.4,6.5,9.3,12.0,749,422,86
5860,天使のカンタータ -Cantata of Angels-,ANOTHER,12.5,7.8,9.9,12.4,675,369,70
5881,スキッテイエェエエェ!!!!,ANOTHER,12.5,8.0,10.6,13.5,581,244,22
5882,A MINSTREL ～ ver. short-scape ～,LEGGENDARIA,12.2,3.2,6.3,9.3,994,774,326
5883,Bow shock!!,LEGGENDARIA,12.4,7.2,9.6,11.8,626,369,102
5885,CUE CUE RESCUE,LEGGENDARIA,11.8,0.8,3.8,7.8,1075,942,495
5886,Caldwell 99,LEGGENDARIA,12.3,4.9,8.2,11.1,783,497,133
5888,HYENA,LEGGENDARIA,12.5,7.4,9.9,12.4,553,298,53
5890,IMPLANTATION,LEGGENDARIA,12.4,7.3,9.7,12.0,567,346,80
5893,フォニイ,LEGGENDARIA,12.3,3.9,6.9,9.8,1247,901,336
5894,新宝島,LEGGENDARIA,12.3,6.2,8.2,10.9,927,653,173
5895,蛇神,LEGGENDARIA,12.5,7.2,9.9,12.3,627,329,67
5898,Aqvion,ANOTHER,12.3,3.4,7.2,10.4,1019,697,221
5904,Cross Fire,ANOTHER,12.5,7.8,9.5,11.7,556,382,99
5907,EYE OF THE HEAVEN,ANOTHER,12.3,5.1,7.4,10.2,547,395,149
5910,Flamingo,ANOTHER,12.4,6.5,8.8,11.3,641,403,112
5916,God Mind,ANOTHER,12.5,6.6,9.5,12.0,770,420,94
5925,Pinky Happy Crazy,ANOTHER,12.3,5.0,7.4,10.7,679,505,138
5934,SISYPHUS,ANOTHER,12.1,1.7,6.7,10.5,766,542,160
5940,Skratch Education Lv-1,ANOTHER,12.6,9.3,11.1,13.6,357,157,15
5943,SμG@R RU$#,ANOTHER,12.7,10.4,12.2,13.9,261,96,7
5949,Uaigh Gealai,ANOTHER,12.6,8.4,10.1,12.6,475,289,52
5952,XHRONOXAPSULΞ,ANOTHER,12.6,9.2,11.1,13.7,323,141,9
5958,uen,ANOTHER,12.5,8.0,10.1,12.7,499,288,45
5961,アラビアン ハイパー ナイト,ANOTHER,12.5,7.2,9.4,12.0,615,378,78
5980,#The_Relentless,LEGGENDARIA,12.6,9.4,11.6,13.8,353,124,9
5981,BRAVE OUT,LEGGENDARIA,12.1,4.2,6.4,9.4,781,622,269
5982,CaptivAte～浄化～,LEGGENDARIA,12.4,5.4,8.3,11.0,797,509,145
5983,ChaserXX,LEGGENDARIA,12.4,6.8,9.6,11.9,606,342,85
5984,INAZUMA,LEGGENDARIA,12.5,8.3,10.3,12.2,455,253,62
5985,Punch Love 仮面,LEGGENDARIA,12.1,1.6,7.0,10.7,894,607,158
5986,garden,LEGGENDARIA,12.4,6.8,9.5,11.9,631,358,83
5988,グッバイ宣言,LEGGENDARIA,12.2,4.6,7.3,10.4,1037,757,225
5991,神っぽいな,LEGGENDARIA,12.2,3.3,7.1,10.3,1148,766,235
5992,聖人の塔,LEGGENDARIA,12.7,11.0,12.3,13.8,162,76,8
5995,2 Be Continued,ANOTHER,12.4,7.0,8.9,11.3,760,529,140
6016,Disco Killer Music Lover,ANOTHER,12.2,4.2,7.0,10.2,1097,779,232
6022,From Human Blood,ANOTHER,12.3,5.3,7.8,10.8,969,658,176
6031,Makin' It,ANOTHER,12.1,2.5,5.7,10.5,1131,830,151
6034,Memoria Obscura,ANOTHER,12.6,9.4,10.1,12.1,444,333,80
6046,RALLY '25,ANOTHER,12.0,1.5,5.3,8.8,1353,1052,411
6049,Regina vespaE,ANOTHER,12.3,5.6,7.8,10.5,912,659,193
6061,Space Battleship S4TO,ANOTHER,12.3,5.4,7.3,10.1,984,749,250
6073,ιgniЯRuina,ANOTHER,12.6,8.7,10.2,12.7,514,317,51
6094,ビビッド ☆+*。キラキライム,ANOTHER,12.3,5.2,7.7,10.3,1003,687,229
6118,LAB,LEGGENDARIA,12.4,5.1,7.8,10.8,905,640,174
6119,POLKAMANIA,LEGGENDARIA,12.3,3.6,7.2,10.5,1023,695,202
6120,≡+≡,LEGGENDARIA,12.4,7.2,9.5,11.7,630,389,98
6126,Amor∞Fati,ANOTHER,12.5,8.8,10.6,13.1,375,199,23
6129,Astra Blaze,ANOTHER,12.4,5.7,8.6,11.6,449,284,65
6135,Begin,ANOTHER,12.4,6.5,8.2,10.6,818,613,200
6138,BitRacer,ANOTHER,12.3,5.7,8.7,11.3,582,362,92
6144,CoMAAAAAAA,LEGGENDARIA,12.6,10.5,10.9,12.9,179,146,29
6145,Do it!! Do it!!,LEGGENDARIA,12.6,7.9,10.5,12.7,201,128,25
6146,Ember Lights,LEGGENDARIA,12.4,6.0,8.7,11.3,708,447,115
6149,FiZZλ_POT!0N,ANOTHER,12.5,8.6,10.6,13.3,395,202,19
6150,Flashes,LEGGENDARIA,12.5,8.1,10.5,13.1,528,233,30
6151,GENE,LEGGENDARIA,12.4,6.8,9.2,11.6,390,273,75
6160,HEROES,ANOTHER,12.4,6.4,9.0,12.5,632,380,43
6169,HyperTwist,ANOTHER,12.3,5.5,10.0,12.4,616,246,46
6170,INHERITANCE,LEGGENDARIA,12.4,7.3,9.4,11.8,515,338,81
6174,KYAMISAMA ONEGAI!,LEGGENDARIA,12.3,5.7,8.2,10.9,520,371,124
6177,King of Tribe,ANOTHER,12.2,5.3,7.4,10.0,488,369,157
6186,Lisa-RICCIA,ANOTHER,12.3,4.5,7.3,10.3,1128,762,229
6187,Lisa-RICCIA,LEGGENDARIA,12.6,9.6,11.2,13.5,352,179,22
6198,PERFECT GREAT!!,ANOTHER,12.5,8.4,9.9,12.3,432,290,57
6199,Plazma,LEGGENDARIA,12.2,3.0,7.2,10.0,995,675,241
6205,RIZING-GAMERS.,ANOTHER,12.4,6.4,8.7,11.2,421,281,83
6208,RUINA,ANOTHER,12.5,8.2,11.1,13.5,318,119,13
6218,Submerge Serenade,LEGGENDARIA,12.5,8.2,9.8,11.7,295,226,78
6219,Super Duper Racers,LEGGENDARIA,12.4,6.2,8.3,10.7,664,475,148
6220,THE BLACK KNIGHT,LEGGENDARIA,12.7,11.6,12.7,13.9,80,36,3
6224,Time To Empress,LEGGENDARIA,12.2,3.9,7.6,10.5,823,558,164
6227,UNDO THE NIGHT,ANOTHER,12.3,3.5,7.1,10.5,888,605,167
6233,ZED,LEGGENDARIA,12.5,8.9,10.3,12.9,212,155,22
6239,chaplet -IIDX re:build-,ANOTHER,12.4,5.3,7.9,10.7,846,582,173
6245,fixer,ANOTHER,12.5,8.8,11.4,13.6,277,99,9
6260,⁽⁽ଘ( ˙꒳˙ )ଓ⁾⁾ beyond reason,ANOTHER,12.5,7.6,10.2,13.1,546,281,31
6261,ちょえちょえまぎか,LEGGENDARIA,12.4,6.7,8.6,11.1,390,291,92
6270,クレッシェンド,ANOTHER,12.3,5.8,9.4,12.4,731,378,49
6278,ベンガル vs. アムール Battle,ANOTHER,12.3,3.4,6.9,10.1,950,682,217
6279,ミュージック・アワー,LEGGENDARIA,12.4,6.3,9.4,12.0,429,259,62
6282,ラブコメトキドキシリアス,ANOTHER,12.3,4.5,7.6,10.8,827,539,143
6298,色を喪った街,ANOTHER,12.4,6.3,9.1,11.9,650,381,77
6307,Dusk Endir,ANOTHER,12.3,5.7,8.5,11.6,636,404,85
6311,27th style,LEGGENDARIA,12.4,6.2,9.4,12.8,345,217,27
6315,Any％,ANOTHER,12.3,4.4,7.7,10.6,600,395,121
6321,Digitized Ocean,ANOTHER,12.4,5.6,8.1,10.6,586,405,150
6324,Dolphin Kick,ANOTHER,12.5,7.2,9.5,12.2,424,269,43
6342,Gimme a Big Beat(青龍 Remix),ANOTHER,12.1,2.5,7.0,10.6,571,381,112
6348,Iridescent Memories,ANOTHER,12.4,7.8,10.1,12.8,357,188,24
6354,Limelight,ANOTHER,12.3,4.7,7.6,10.7,596,420,126
6358,Mighty Beat Monsterz,ANOTHER,12.1,1.4,6.3,10.2,844,606,175
6361,OMEGA,ANOTHER,12.3,5.5,8.8,11.4,595,344,89
6363,Raison d'etre～交差する宿命～,LEGGENDARIA,12.7,11.7,12.9,14.0,78,32,3
6364,Rise'n Beauty,LEGGENDARIA,12.4,6.3,8.1,10.7,372,285,101
6370,Smintheus,ANOTHER,12.4,6.9,9.6,12.6,369,223,26
6373,THUNDERSTRIKE,ANOTHER,12.2,2.8,6.7,10.3,909,652,186
6374,Urban Constellations,LEGGENDARIA,12.6,8.4,10.8,13.0,241,130,21
6386,super double play sessions,ANOTHER,12.6,10.7,11.9,13.8,151,80,9
6387,かわいいだけじゃだめですか？,LEGGENDARIA,12.0,1.2,6.4,9.7,859,628,231
6397,サタデーナイト☆ギャロップ,ANOTHER,12.5,8.7,10.7,13.0,288,138,18
6410,寝起きヤシの木,LEGGENDARIA,12.3,3.9,7.8,11.0,731,478,115
6413,断罪のミメシス,ANOTHER,12.4,6.3,8.9,11.9,440,276,49
100001,Breakin' Rules,ANOTHER,12.0,1.1,0.0,0.0,0,0,0
